Time,PersonDistance,PersonOffset,V,Omega,TargetRight,TargetLeft
1734414893,1.440000057220459,89.0,2200.000286102295,-6180.555309962353,-3980.555023860058,8380.555596064649
1734414893,1.440000057220459,88.0,2200.000286102295,-6180.555309962353,-3980.555023860058,8380.555596064649
1734414893,1.4300000667572021,60.0,2200.000286102295,-6111.572985434643,-3911.572699332348,8311.573271536938
1734414893,1.436500072479248,19.0,2150.0003337860107,-4223.803999929936,-2073.8036661439255,6373.804333715947
1734414893,1.4446667432785034,-9.0,2182.5003623962402,-1363.659174475919,818.8411879203213,3546.159536872159
1734414893,1.4505000114440918,-15.0,2223.333716392517,594.9810467967238,2818.3147631892407,1628.3526695957933
1734414893,1.4540001153945923,-20.0,2270.0005769729614,1370.582637775354,3640.583214748315,899.4179391976074
1734414894,1.460800051689148,-16.0,2270.0005769729614,1370.582637775354,3640.583214748315,899.4179391976074
1734414894,1.4666000604629517,-8.0,2333.0003023147583,553.4739518796462,2886.4742541944042,1779.5263504351121
1734414894,1.4570000171661377,5.0,2333.0003023147583,553.4739518796462,2886.4742541944042,1779.5263504351121
1734414894,1.4625000953674316,15.0,2312.500476837158,-1015.6418667178909,1296.8586101192673,3328.142343555049
1734414894,1.468000054359436,20.0,2340.00027179718,-1357.4646982237018,982.5355735734784,3697.464970020882
1734414894,1.475250005722046,25.0,2340.00027179718,-1357.4646982237018,982.5355735734784,3697.464970020882
1734414894,1.4818000793457031,26.0,2376.2500286102295,-1689.6949510838986,686.5550775263309,4065.944979694128
1734414894,1.4944000244140625,27.0,2409.0003967285156,-1754.160544995683,654.8398517328326,4163.160941724199
1734414894,1.5094001293182373,25.0,2472.0001220703125,-1806.2830353387321,665.7170867315804,4278.283157409045
1734414894,1.5262000560760498,23.0,2631.000280380249,-1508.5340096281127,1122.4662707521363,4139.5342900083615
1734414895,1.5394001007080078,21.0,2697.000503540039,-1365.6909566745085,1331.3095468655306,4062.6914602145475
1734414895,1.5588001012802124,18.0,2794.000506401062,-1157.4497808196086,1636.5507255814534,3951.4502872206704
1734414895,1.590000033378601,15.0,2950.0001668930054,-946.1116513714719,2003.8885155215335,3896.1118182644773
1734414895,1.6232000589370728,12.0,3116.0002946853638,-741.9958516294516,2374.004443055912,3857.9961463148156
1734414895,1.657400131225586,7.0,3287.0006561279297,-427.2812943561529,2859.7193617717767,3714.2819504840827
1734414895,1.7094000577926636,4.0,3287.0006561279297,-427.2812943561529,2859.7193617717767,3714.2819504840827
1734414895,1.7552001476287842,1.0,3547.000288963318,-236.7156708499153,3310.2846181134028,3783.715959813233
1734414895,1.7890000343322754,-2.0,3776.000738143921,-59.68900423510432,3716.3117339088167,3835.689742379025
1734414895,1.8244000673294067,0.0,3945.000171661377,109.0788515844245,4054.0790232458016,3835.9213200769523
1734414895,1.864400029182434,9.0,4322.00014591217,-473.731241652031,3848.2689042601396,4795.731387564201
1734414896,1.8854000568389893,17.0,4322.00014591217,-473.731241652031,3848.2689042601396,4795.731387564201
1734414896,1.9196001291275024,27.0,4598.000645637512,-1396.5438431400287,3201.4568024974833,5994.544488777541
1734414896,1.9582000970840454,31.0,4598.000645637512,-1396.5438431400287,3201.4568024974833,5994.544488777541
1734414896,1.9832000732421875,29.0,4791.000485420227,-1579.2303192106767,3211.7701662095506,6370.230804630904
1734414896,2.0027999877929688,23.0,4916.0003662109375,-1463.8063130089593,3452.194053201978,6379.806679219897
1734414896,2.033400058746338,16.0,5167.000293731689,-793.8466697816016,4373.153623950087,5960.8469635132915
1734414896,2.0544002056121826,15.0,5272.001028060913,-730.6022309979422,4541.3987970629705,6002.603259058856
1734414896,2.079400062561035,15.0,5272.001028060913,-730.6022309979422,4541.3987970629705,6002.603259058856
1734414896,2.117600202560425,16.0,5588.001012802124,-755.1101566201103,4832.8908561820135,6343.1111694222345
1734414896,2.1684000492095947,17.0,5588.001012802124,-755.1101566201103,4832.8908561820135,6343.1111694222345
1734414897,2.2128000259399414,17.0,6064.000129699707,-768.2574024184056,5295.742727281301,6832.257532118113
1734414897,2.253200054168701,16.0,6064.000129699707,-768.2574024184056,5295.742727281301,6832.257532118113
1734414897,2.2829999923706055,18.0,6266.000270843506,-710.5632895053612,5555.4369813381445,6976.563560348867
1734414897,2.3122000694274902,21.0,6414.999961853027,-786.9130823912384,5628.086879461789,7201.913044244266
1734414897,2.330000162124634,25.0,6561.000347137451,-905.5104599809367,5655.489887156515,7466.510807118388
1734414897,2.3540000915527344,29.0,6770.000457763672,-1228.0894662353526,5541.910991528319,7998.089923999025
1734414897,2.380200147628784,30.0,6901.000738143921,-1259.9360905265248,5641.064647617396,8160.936828670446
1734414897,2.404400110244751,30.0,6901.000738143921,-1259.9360905265248,5641.064647617396,8160.936828670446
1734414897,2.4174001216888428,29.0,6901.000738143921,-1259.9360905265248,5641.064647617396,8160.936828670446
1734414897,2.42900013923645,26.0,6901.000738143921,-1259.9360905265248,5641.064647617396,8160.936828670446
1734414898,2.440999984741211,21.0,7145.000696182251,-1070.3992799347072,6074.601416247544,8215.399976116958
1734414898,2.470400094985962,17.0,7204.999923706055,-865.2362313134464,6339.763692392608,8070.236155019501
1734414898,2.5154001712799072,13.0,7352.00047492981,-692.0037522550646,6659.996722674745,8044.004227184874
1734414898,2.581400156021118,2.0,7907.000780105591,-88.47696576462074,7818.52381434097,7995.477745870212
1734414898,2.6407999992370605,-8.0,8203.999996185303,292.93941152868723,8496.93940771399,7911.060584656616
1734414898,2.695200204849243,-5.0,8203.999996185303,292.93941152868723,8496.93940771399,7911.060584656616
1734414898,2.725800037384033,3.0,8476.001024246216,188.23042027199043,8664.231444518206,8287.770603974226
1734414898,2.694000244140625,9.0,8629.000186920166,-102.06479618596545,8526.935390734201,8731.064983106131
1734414898,2.694000244140625,12.0,8629.000186920166,-102.06479618596545,8526.935390734201,8731.064983106131
1734414898,2.7103335857391357,12.0,8551.667928695679,-442.7499280214054,8108.918000674274,8994.417856717084
1734414899,2.7215001583099365,14.0,8607.500791549683,-512.8989754073094,8094.6018161423735,9120.399766956993
1734414899,2.694000244140625,15.0,8607.500791549683,-512.8989754073094,8094.6018161423735,9120.399766956993
1734414899,2.700000286102295,15.0,8500.001430511475,-555.5554966867768,7944.445933824698,9055.556927198251
1734414899,2.7143335342407227,10.0,8571.667671203613,-373.34763343947094,8198.320037764142,8945.015304643084
1734414899,2.7245001792907715,5.0,8571.667671203613,-373.34763343947094,8198.320037764142,8945.015304643084
1734414899,2.682000160217285,-6.0,8622.500896453857,-188.45297132433234,8434.047925129526,8810.95386777819
1734414899,2.700000286102295,-6.0,8410.000801086426,212.7140005995167,8622.714801685943,8197.286800486909
1734414899,2.7143335342407227,-11.0,8571.667671203613,400.3229466528281,8971.990617856442,8171.344724550785
1734414899,2.718250036239624,-20.0,8591.25018119812,726.7697087639378,9318.019889962057,7864.480472434182
1734414899,2.7232000827789307,-23.0,8616.000413894653,841.8791241599544,9457.879538054607,7774.121289734699
1734414900,2.7353999614715576,-25.0,8616.000413894653,841.8791241599544,9457.879538054607,7774.121289734699
1734414900,2.7404000759124756,-28.0,8702.000379562378,1019.0331767675038,9721.033556329881,7682.9672027948745
1734414900,2.7300000190734863,-27.0,8702.000379562378,1019.0331767675038,9721.033556329881,7682.9672027948745
1734414900,2.742500066757202,-27.0,8650.000095367432,989.4730992584001,9639.473194625833,7660.526996109032
1734414900,2.8000001907348633,-24.0,9000.000953674316,859.8582435155722,9859.85919718989,8140.142710158744
1734414900,2.8287501335144043,-24.0,9143.750667572021,848.4312458584915,9992.181913430513,8295.31942171353
1734414900,2.832200050354004,-32.0,9143.750667572021,848.4312458584915,9992.181913430513,8295.31942171353
1734414900,2.874800205230713,-40.0,9161.00025177002,1121.8690557040716,10282.869307474091,8039.131196065948
1734414900,2.9242000579833984,-40.0,9621.000289916992,1367.8954656606156,10988.895755577607,8253.104824256377
1734414900,2.932800054550171,-36.0,9664.000272750854,1231.351995835814,10895.352268586668,8432.64827691504
1734414901,2.944200038909912,-29.0,9664.000272750854,1231.351995835814,10895.352268586668,8432.64827691504
1734414901,2.9010000228881836,-28.0,9505.000114440918,965.6465287079949,10470.646643148913,8539.353585732923
1734414901,2.929500102996826,-29.0,9505.000114440918,965.6465287079949,10470.646643148913,8539.353585732923
1734414901,2.939000129699707,-28.0,9695.000648498535,953.1670768151183,10648.167725313653,8741.833571683417
1734414901,2.9472501277923584,-31.0,9695.000648498535,953.1670768151183,10648.167725313653,8741.833571683417
1734414901,2.952200174331665,-30.0,9761.000871658325,1016.6533721012632,10777.654243759589,8744.347499557061
1734414901,2.97540020942688,-27.0,9761.000871658325,1016.6533721012632,10777.654243759589,8744.347499557061
1734414901,2.9964001178741455,-27.0,9877.0010471344,910.1563972236195,10787.15744435802,8966.84464991078
1734414901,3.0300002098083496,-26.0,9982.000589370728,901.0812621098038,10883.08185148053,9080.919327260925
1734414901,3.074000120162964,-27.0,10150.001049041748,858.5478663211032,11008.548915362851,9291.453182720645
1734414902,3.1214001178741455,-27.0,10607.000589370728,864.9964432752238,11471.997032645952,9742.004146095504
1734414902,3.1498000621795654,-26.0,10749.000310897827,825.9113357342891,11574.911646632116,9923.088975163539
1734414902,3.1430001258850098,-25.0,10715.000629425049,795.880475371944,11510.881104796992,9919.120154053106
1734414902,3.0940001010894775,-23.0,10715.000629425049,795.880475371944,11510.881104796992,9919.120154053106
1734414902,3.1100001335144043,-25.0,10715.000629425049,795.880475371944,11510.881104796992,9919.120154053106
1734414902,3.132000207901001,-22.0,10550.000667572021,803.8584863901328,11353.859153962154,9746.14218118189
1734414902,3.151250123977661,-22.0,10756.250619888306,698.1356329858872,11454.386252874192,10058.11498690242
1734414902,3.1430001258850098,-21.0,10756.250619888306,698.1356329858872,11454.386252874192,10058.11498690242
1734414902,3.1430001258850098,-22.0,10715.000629425049,668.6135380575946,11383.614167482643,10046.387091367455
1734414902,3.1540000438690186,-21.0,10715.000629425049,699.506038071662,11414.506667496711,10015.494591353387
1734414903,3.1635000705718994,-20.0,10770.000219345093,666.2832873510072,11436.2835066961,10103.716931994086
1734414903,3.1590001583099365,-18.0,10817.500352859497,632.6732615807335,11450.173614440231,10184.827091278763
1734414903,3.126000165939331,-18.0,10795.000791549683,571.3237295575312,11366.324521107214,10223.677061992152
1734414903,3.1590001583099365,-16.0,10795.000791549683,508.0125583080179,11303.0133498577,10286.988233241666
1734414903,3.199000120162964,-14.0,10795.000791549683,508.0125583080179,11303.0133498577,10286.988233241666
1734414903,3.2190001010894775,-13.0,11095.000505447388,404.314232464747,11499.314737912135,10690.68627298264
1734414903,3.2310001850128174,-14.0,11155.000925064087,432.8402411941822,11587.84116625827,10722.160683869904
1734414903,3.2546000480651855,-15.0,11155.000925064087,432.8402411941822,11587.84116625827,10722.160683869904
1734414903,3.244000196456909,-11.0,11273.000240325928,460.42400643624546,11733.424246762173,10812.576233889682
1734414903,3.252500057220459,-8.0,11220.000982284546,342.94363602434544,11562.944618308891,10877.0573462602
1734414904,3.261333465576172,-6.0,11262.500286102295,248.68008301636596,11511.180369118661,11013.820203085928
1734414904,3.270250082015991,-5.0,11351.250410079956,153.3556229932932,11504.606033073249,11197.894787086663
1734414904,3.244000196456909,-3.0,11220.000982284546,94.00160441301394,11314.00258669756,11125.999377871532
1734414904,3.2270002365112305,0.0,11220.000982284546,94.00160441301394,11314.00258669756,11125.999377871532
1734414904,3.2090001106262207,4.0,11135.001182556152,2.7154447609345995,11137.716627317088,11132.285737795217
1734414904,3.192000150680542,7.0,11045.000553131104,-120.79330887898182,10924.207244252122,11165.793862010085
1734414904,3.1590001583099365,10.0,10795.000791549683,-313.84041148663187,10481.160380063051,11108.841203036314
1734414904,3.1675000190734863,12.0,10837.500095367432,-377.32448107216237,10460.175614295269,11214.824576439594
1734414904,3.1590001583099365,14.0,10837.500095367432,-377.32448107216237,10460.175614295269,11214.824576439594
1734414904,3.193000316619873,22.0,10795.000791549683,-441.6550104346815,10353.345781115002,11236.655801984363
1734414905,3.1590001583099365,26.0,10965.001583099365,-681.0125005368348,10283.98908256253,11646.0140836362
1734414905,3.1590001583099365,26.0,10795.000791549683,-819.1891159233695,9975.811675626313,11614.189907473052
1734414905,3.1646668910980225,32.0,10795.000791549683,-823.0452262436728,9971.95556530601,11618.046017793355
1734414905,3.126000165939331,35.0,10823.334455490112,-1005.1945460501031,9818.13990944001,11828.529001540215
1734414905,5.154500484466553,50.0,20772.502422332764,-955.0261087123853,19817.47631362038,21727.528531045147
1734414905,6.394000053405762,55.0,26970.00026702881,-855.2483414059204,26114.751925622888,27825.24860843473
1734414905,7.116250038146973,59.0,30000.0,-825.2322393544256,29174.767760645573,30825.232239354427
1734414905,7.738400459289551,65.0,30000.0,-825.2322393544256,29174.767760645573,30825.232239354427
1734414905,9.986400604248047,80.0,30000.0,-825.2322393544256,29174.767760645573,30825.232239354427
1734414905,11.997600555419922,93.0,30000.0,-762.155053889412,29237.84494611059,30762.15505388941
1734414906,15.251200675964355,114.0,30000.0,-762.155053889412,29237.84494611059,30762.15505388941
1734414906,19.745800018310547,130.0,30000.0,-726.4821322397204,29273.517867760278,30726.482132239722
1734414906,26.983001708984375,151.0,30000.0,-642.3678584332882,29357.63214156671,30642.36785843329
1734414906,25.141000747680664,178.0,30000.0,-538.6115718968198,29461.38842810318,30538.61157189682
1734414906,14.032000541687012,205.0,30000.0,-1433.946351811984,28566.053648188015,31433.946351811985
1734414906,12.067000389099121,219.0,30000.0,-1433.946351811984,28566.053648188015,31433.946351811985
1734414906,9.732000350952148,240.0,30000.0,-1800.8669573871082,28199.13304261289,31800.86695738711
1734414906,7.016000270843506,262.0,30000.0,-3712.321406594842,26287.67859340516,33712.32140659484
1734414906,6.558000087738037,270.0,27790.000438690186,-4109.1141851771035,23680.886253513083,31899.114623867288
1734414906,6.707500457763672,277.0,27790.000438690186,-4109.1141851771035,23680.886253513083,31899.114623867288
1734414907,6.7313337326049805,281.0,28537.50228881836,-4122.718026363527,24414.784262454832,32660.220315181887
1734414907,6.034000396728516,282.0,28656.668663024902,-4170.6509214571115,24486.01774156779,32827.319584482015
1734414907,5.802000045776367,280.0,25170.001983642578,-4673.05431404638,20496.9476695962,29843.056297688956
1734414907,5.340000152587891,282.0,24010.000228881836,-4827.445246065586,19182.55498281625,28837.44547494742
1734414907,5.028000354766846,282.0,21700.000762939453,-5279.375537193482,16420.62522574597,26979.376300132935
1734414907,4.75100040435791,276.0,18755.00202178955,-5815.2731386594505,12939.728883130101,24570.275160449
1734414907,4.677000045776367,268.0,18385.000228881836,-5738.163490009135,12646.836738872702,24123.16371889097
1734414907,4.341000080108643,260.0,18385.000228881836,-5738.163490009135,12646.836738872702,24123.16371889097
1734414907,4.077000141143799,253.0,15385.000705718994,-6212.530322086339,9172.470383632655,21597.531027805333
1734414907,4.119000434875488,238.0,15385.000705718994,-6212.530322086339,9172.470383632655,21597.531027805333
1734414908,4.123666763305664,221.0,15595.002174377441,-5793.100861724987,9801.901312652455,21388.103036102428
1734414908,4.15500020980835,206.0,15618.33381652832,-5376.307932166552,10242.025884361768,20994.64174869487
1734414908,4.245200157165527,187.0,16226.000785827637,-4423.974867329212,11802.025918498424,20649.97565315685
1734414908,4.133000373840332,173.0,16226.000785827637,-4423.974867329212,11802.025918498424,20649.97565315685
1734414908,4.190999984741211,162.0,15665.00186920166,-4199.821035311763,11465.180833889897,19864.82290451342
1734414908,4.1610002517700195,160.0,15805.001258850098,-3846.7524677847664,11958.24879106533,19651.753726634863
1734414908,3.996000289916992,151.0,14980.001449584961,-3787.7762835192293,11192.225166065731,18767.77773310419
1734414908,4.153000354766846,142.0,15765.001773834229,-3428.212512096759,12336.78926173747,19193.214285930986
1734414908,4.049000263214111,133.0,15765.001773834229,-3428.212512096759,12336.78926173747,19193.214285930986
1734414908,4.1050004959106445,124.0,15245.001316070557,-3293.7592349125575,11951.242081158,18538.760550983116
1734414909,4.183666706085205,116.0,15525.002479553223,-3029.7038695187516,12495.298610034471,18554.706349071974
1734414909,4.185250282287598,112.0,15918.333530426025,-2780.6820435377535,13137.651486888271,18699.015573963778
1734414909,3.944000244140625,117.0,15918.333530426025,-2780.6820435377535,13137.651486888271,18699.015573963778
1734414909,3.702000141143799,123.0,13510.000705718994,-3316.557907848961,10193.442797870033,16826.558613567955
1734414909,3.6130001544952393,119.0,13065.000772476196,-3297.517746396959,9767.483026079237,16362.518518873156
1734414909,3.6130001544952393,116.0,13065.000772476196,-3213.343594213809,9851.657178262387,16278.344366690006
1734414909,3.5920002460479736,113.0,13065.000772476196,-3213.343594213809,9851.657178262387,16278.344366690006
1734414909,3.5280001163482666,109.0,12640.000581741333,-3096.5563043915536,9543.44427734978,15736.556886132887
1734414909,3.4090001583099365,104.0,12045.000791549683,-3055.680949764825,8989.319841784858,15100.681741314507
1734414909,3.511000156402588,94.0,12555.00078201294,-2687.298887332681,9867.701894680258,15242.29966934562
1734414910,3.4880001544952393,84.0,12555.00078201294,-2687.298887332681,9867.701894680258,15242.29966934562
1734414910,3.5505001544952393,72.0,12555.00078201294,-2687.298887332681,9867.701894680258,15242.29966934562
1734414910,3.5280001163482666,66.0,12640.000581741333,-1876.7185661473145,10763.282015594019,14516.719147888647
1734414910,3.1590001583099365,49.0,12640.000581741333,-1876.7185661473145,10763.282015594019,14516.719147888647
1734414910,3.1100001335144043,30.0,12640.000581741333,-1876.7185661473145,10763.282015594019,14516.719147888647
1734414910,3.118000030517578,33.0,10590.00015258789,-1055.6552953612875,9534.344857226602,11645.655447949179
1734414910,3.1483335494995117,38.0,10741.667747497559,-1202.0546698824792,9539.613077615079,11943.722417380039
1734414910,3.155250072479248,41.0,10776.25036239624,-1296.7061243124833,9479.544238083758,12072.956486708723
1734414910,3.159400224685669,38.0,10797.001123428345,-1205.4753769496667,9591.525746478677,12002.476500378012
1734414910,3.0940001010894775,26.0,10797.001123428345,-1205.4753769496667,9591.525746478677,12002.476500378012
1734414911,3.0940001010894775,11.0,10797.001123428345,-1205.4753769496667,9591.525746478677,12002.476500378012
1734414911,3.0940001010894775,0.0,10470.000505447388,-355.52681449902394,10114.473690948364,10825.527319946412
1734414911,3.0980000495910645,-4.0,10490.000247955322,125.25944603767677,10615.259693992999,10364.740801917646
1734414911,3.0470001697540283,4.0,10235.000848770142,-123.2820238611155,10111.718824909027,10358.282872631256
1734414911,3.0950002670288086,11.0,10235.000848770142,-123.2820238611155,10111.718824909027,10358.282872631256
1734414911,3.116333484649658,7.0,10475.001335144043,-348.4246788184267,10126.576656325617,10823.42601396247
1734414911,3.063000202178955,-6.0,10581.667423248291,-228.47905374020326,10353.188369508087,10810.146476988495
1734414911,3.063000202178955,-15.0,10315.001010894775,182.88643173477124,10497.887442629546,10132.114579160005
1734414911,3.063000202178955,-23.0,10315.001010894775,742.903128639722,11057.904139534498,9572.097882255053
1734414911,3.0320000648498535,-22.0,10315.001010894775,742.903128639722,11057.904139534498,9572.097882255053
1734414912,3.0320000648498535,-21.0,10160.000324249268,693.0742395465097,10853.074563795777,9466.926084702758
1734414912,3.0370001792907715,-18.0,10185.000896453857,595.4055645291701,10780.406460983028,9589.595331924687
1734414912,3.0552501678466797,-21.0,10185.000896453857,595.4055645291701,10780.406460983028,9589.595331924687
1734414912,3.0728001594543457,-26.0,10276.250839233398,684.6259788973664,10960.876818130764,9591.624860336033
1734414912,3.0982000827789307,-34.0,10364.000797271729,841.2007039193875,11205.201501191115,9522.800093352342
1734414912,3.117000102996826,-41.0,10585.00051498413,1308.3800516436845,11893.380566627815,9276.620463340447
1734414912,3.1428000926971436,-30.0,10585.00051498413,1308.3800516436845,11893.380566627815,9276.620463340447
1734414912,3.149400234222412,-21.0,10747.00117111206,675.791404293577,11422.792575405638,10071.209766818483
1734414912,3.1100001335144043,-21.0,10747.00117111206,675.791404293577,11422.792575405638,10071.209766818483
1734414912,3.078000068664551,-14.0,10390.000343322754,461.8280408546108,10851.828384177365,9928.172302468143
1734414913,3.0859999656677246,-17.0,10390.000343322754,461.8280408546108,10851.828384177365,9928.172302468143
1734414913,3.1050000190734863,-13.0,10429.999828338623,548.1594803566253,10978.159308695249,9881.840347981997
1734414913,3.106250047683716,-19.0,10525.000095367432,422.53565686275783,10947.53575223019,10102.464438504674
1734414913,3.0940001010894775,-22.0,10531.25023841858,605.6996822089222,11136.949920627501,9925.550556209657
1734414913,3.0940001010894775,-26.0,10470.000505447388,708.3381842371133,11178.3386896845,9761.662321210275
1734414913,3.0940001010894775,-26.0,10470.000505447388,840.3361069976929,11310.33661244508,9629.664398449695
1734414913,3.118500232696533,-22.0,10592.501163482666,709.3234298137137,11301.82459329638,9883.177733668952
1734414913,3.1366000175476074,-20.0,10592.501163482666,709.3234298137137,11301.82459329638,9883.177733668952
1734414913,3.1700000762939453,-19.0,10850.000381469727,599.831187905452,11449.83156937518,10250.169193564274
1734414913,3.1896002292633057,-30.0,10948.001146316528,929.5571094568802,11877.558255773409,10018.444036859648
1734414914,3.2126002311706543,-37.0,10948.001146316528,929.5571094568802,11877.558255773409,10018.444036859648
1734414914,3.219600200653076,-24.0,10948.001146316528,929.5571094568802,11877.558255773409,10018.444036859648
1734414914,3.2300002574920654,-12.0,11150.001287460327,383.51685078665804,11533.518138246985,10766.484436673669
1734414914,3.2300002574920654,-3.0,11150.001287460327,101.87702845934437,11251.878315919672,11048.124259000982
1734414914,3.243800163269043,-12.0,11219.000816345215,360.9386967176417,11579.939513062856,10858.062119627573
1734414914,3.2270002365112305,-14.0,11219.000816345215,360.9386967176417,11579.939513062856,10858.062119627573
1734414914,3.192000150680542,-16.0,11135.001182556152,432.31625928402843,11567.317441840181,10702.684923272123
1734414914,3.200500011444092,-15.0,11135.001182556152,432.31625928402843,11567.317441840181,10702.684923272123
1734414914,3.2033333778381348,-10.0,11002.500057220459,468.6767675789471,11471.176824799406,10533.823289641512
1734414914,3.222249984741211,-10.0,11016.666889190674,317.10788505164845,11333.774774242322,10699.559004139026
1734414915,3.2446000576019287,-11.0,11223.000288009644,338.56271809870856,11561.563006108352,10884.437569910935
1734414915,3.291800022125244,-8.0,11459.00011062622,245.74357363357063,11704.74368425979,11213.25653699265
1734414915,3.3204002380371094,-4.0,11602.001190185547,124.32351524871164,11726.32470543426,11477.677674936835
1734414915,3.356600046157837,-4.0,11602.001190185547,124.32351524871164,11726.32470543426,11477.677674936835
1734414915,3.3520002365112305,-4.0,11783.000230789185,119.16820428393417,11902.16843507312,11663.83202650525
1734414915,3.3615002632141113,-6.0,11760.001182556152,119.33173382359928,11879.332916379752,11640.669448732553
1734414915,3.3520002365112305,-7.0,11807.501316070557,176.96854246853104,11984.469858539087,11630.532773602026
1734414915,3.4100003242492676,-6.0,11760.001182556152,208.36841703403874,11968.36959959019,11551.632765522114
1734414915,3.2790000438690186,-3.0,12050.001621246338,176.41517960516273,12226.4168008515,11873.586441641175
1734414915,3.2270002365112305,6.0,11135.001182556152,-176.93341292919916,10958.067769626954,11311.93459548535
1734414916,3.2270002365112305,10.0,11135.001182556152,-176.93341292919916,10958.067769626954,11311.93459548535
1734414916,3.2326669692993164,18.0,11135.001182556152,-306.0292093910824,10828.97197316507,11441.030391947235
1734414916,3.671250343322754,26.0,11163.334846496582,-548.8211517918265,10614.513694704756,11712.155998288408
1734414916,4.292800426483154,30.0,13356.25171661377,-700.210951398998,12656.040765214771,14056.462668012768
1734414916,5.101400375366211,34.0,16464.00213241577,-694.98839721664,15769.01373519913,17158.99052963241
1734414916,6.155600547790527,39.0,20507.001876831055,-662.6275509931702,19844.374325837885,21169.629427824224
1734414916,7.453200340270996,48.0,25778.002738952637,-628.6363048392021,25149.366434113435,26406.639043791838
1734414916,8.690600395202637,54.0,30000.0,-635.0208682417352,29364.979131758264,30635.020868241736
1734414916,10.141200065612793,68.0,30000.0,-656.5321058770062,29343.467894122994,30656.532105877006
1734414916,12.236400604248047,83.0,30000.0,-656.5321058770062,29343.467894122994,30656.532105877006
1734414917,16.570600509643555,103.0,30000.0,-656.5321058770062,29343.467894122994,30656.532105877006
1734414917,27.731201171875,130.0,30000.0,-468.786040656061,29531.21395934394,30468.78604065606
1734414917,36.466800689697266,147.0,30000.0,-386.1063809631919,29613.893619036808,30386.106380963192
1734414917,23.207000732421875,165.0,30000.0,-386.1063809631919,29613.893619036808,30386.106380963192
1734414917,17.746000289916992,182.0,30000.0,-692.9923510999942,29307.007648900006,30692.992351099994
1734414917,10.056000709533691,217.0,30000.0,-1008.5832146762591,28991.41678532374,31008.58321467626
1734414917,8.154000282287598,242.0,30000.0,-2942.8684280369407,27057.13157196306,32942.86842803694
1734414917,7.449000358581543,251.0,30000.0,-2942.8684280369407,27057.13157196306,32942.86842803694
1734414917,6.419000148773193,268.0,27095.000743865967,-4158.105061207592,22936.895682658374,31253.10580507356
1734414917,5.8580002784729,271.0,24290.001392364502,-4623.436605724218,19666.564786640283,28913.43799808872
1734414918,5.340000152587891,275.0,21700.000762939453,-5145.956476608716,16554.044286330736,26845.95723954817
1734414918,5.571000099182129,279.0,22855.000495910645,-5004.221344945936,17850.779150964707,27859.221840856582
1734414918,4.987000465393066,277.0,19935.002326965332,-5555.9642179894045,14379.038108975928,25490.966544954736
1734414918,4.75100040435791,280.0,19935.002326965332,-5555.9642179894045,14379.038108975928,25490.966544954736
1734414918,4.571000099182129,274.0,18755.00202178955,-5890.780159726212,12864.22186206334,24645.782181515762
1734414918,3.8430001735687256,269.0,17855.000495910645,-6000.2821652036755,11854.718330706968,23855.28266111432
1734414918,3.8430001735687256,262.0,14215.000867843628,-7004.672541973229,7210.328325870399,21219.673409816856
1734414918,3.876666784286499,251.0,14383.333921432495,-6485.634001903524,7897.699919528971,20868.96792333602
1734414918,3.9065003395080566,227.0,14532.501697540283,-5834.827601989027,8697.674095551256,20367.32929952931
1734414918,3.7710001468658447,199.0,14532.501697540283,-5834.827601989027,8697.674095551256,20367.32929952931
1734414919,4.223999977111816,172.0,14532.501697540283,-5834.827601989027,8697.674095551256,20367.32929952931
1734414919,3.944000244140625,160.0,16119.999885559082,-4071.9697190340885,12048.030166524994,20191.96960459317
1734414919,4.174000263214111,141.0,14720.001220703125,-4068.7947332628223,10651.206487440302,18788.795953965946
1734414919,4.329667091369629,119.0,16648.335456848145,-2770.479213024774,13877.856243823371,19418.814669872918
1734414919,4.381500244140625,102.0,16648.335456848145,-2770.479213024774,13877.856243823371,19418.814669872918
1734414919,4.455400466918945,99.0,16907.501220703125,-2344.969742207168,14562.531478495957,19252.470962910294
1734414919,4.6244001388549805,109.0,18122.000694274902,-2347.0633750255643,15774.937319249339,20469.064069300468
1734414919,4.190000057220459,119.0,18122.000694274902,-2347.0633750255643,15774.937319249339,20469.064069300468
1734414919,4.1610002517700195,117.0,15950.000286102295,-2830.0963345655928,13119.903951536702,18780.096620667886
1734414919,3.8930001258850098,112.0,15950.000286102295,-2830.0963345655928,13119.903951536702,18780.096620667886
1734414920,4.071000099182129,113.0,15355.000495910645,-2775.2685938958275,12579.731902014817,18130.269089806472
1734414920,3.7950000762939453,112.0,15355.000495910645,-2775.2685938958275,12579.731902014817,18130.269089806472
1734414920,3.8440001010894775,108.0,14220.000505447388,-2814.5063586868305,11405.494146760557,17034.50686413422
1734414920,3.9033334255218506,98.0,14220.000505447388,-2814.5063586868305,11405.494146760557,17034.50686413422
1734414920,3.9467501640319824,90.0,14516.667127609253,-2510.674577765491,12005.992549843762,17027.341705374743
1734414920,3.819000244140625,84.0,14095.001220703125,-2205.4988603382317,11889.502360364893,16300.500081041357
1734414920,3.819000244140625,65.0,14095.001220703125,-2205.4988603382317,11889.502360364893,16300.500081041357
1734414920,3.126000165939331,39.0,14095.001220703125,-1721.0161255971798,12373.985095105945,15816.017346300305
1734414920,3.1590001583099365,43.0,10630.000829696655,-1273.6007015269174,9356.400128169738,11903.601531223572
1734414920,3.199000120162964,44.0,10995.00060081482,-1374.9676529972514,9620.032947817568,12369.96825381207
1734414921,3.1430001258850098,45.0,10715.000629425049,-1431.2909276291714,9283.709701795877,12146.29155705422
1734414921,3.1100001335144043,44.0,10715.000629425049,-1431.2909276291714,9283.709701795877,12146.29155705422
1734414921,3.0470001697540283,38.0,10550.000667572021,-1415.2530532038938,9134.747614368127,11965.253720775916
1734414921,2.943000078201294,35.0,10235.000848770142,-1253.0985819828868,8981.902266787254,11488.099430753029
1734414921,2.873000144958496,31.0,9715.00039100647,-1191.9780703124547,8523.022320694015,10906.978461318924
1734414921,2.8600001335144043,26.0,9365.00072479248,-1082.8675421296057,8282.133182662874,10447.868266922087
1734414921,2.8330001831054688,23.0,9300.000667572021,-914.0239381422517,8385.976729429769,10214.024605714274
1734414921,2.7930002212524414,22.0,9165.000915527344,-814.5756111372013,8350.425304390143,9979.576526664545
1734414921,2.806000232696533,20.0,8965.001106262207,-788.1455492099336,8176.855557052273,9753.146655472141
1734414921,2.7810001373291016,17.0,8905.000686645508,-614.0063171276997,8290.994369517808,9519.007003773208
1734414922,2.743000030517578,17.0,8905.000686645508,-614.0063171276997,8290.994369517808,9519.007003773208
1734414922,2.7060000896453857,15.0,8530.000448226929,-554.3237066915881,7975.676741535341,9084.324154918517
1734414922,2.682000160217285,15.0,8530.000448226929,-554.3237066915881,7975.676741535341,9084.324154918517
1734414922,2.700000286102295,15.0,8530.000448226929,-554.3237066915881,7975.676741535341,9084.324154918517
1734414922,2.702000141143799,20.0,8510.000705718994,-735.259339880979,7774.741365838016,9245.260045599973
1734414922,2.635000228881836,29.0,8510.000705718994,-735.259339880979,7774.741365838016,9245.260045599973
1734414922,2.6120002269744873,28.0,8175.00114440918,-1091.5713854665837,7083.429758942596,9266.572529875764
1734414922,2.635000228881836,16.0,8060.0011348724365,-1072.4375217089187,6987.563613163518,9132.438656581355
1734414922,2.6010000705718994,9.0,8175.00114440918,-619.2104259821357,7555.790718427044,8794.211570391315
1734414922,2.6010000705718994,10.0,8005.000352859497,-384.00538490633016,7620.994967953167,8389.005737765827
1734414923,2.557000160217285,10.0,7785.000801086426,-391.0832762384432,7393.917524847982,8176.084077324869
1734414923,2.514000177383423,10.0,7785.000801086426,-391.0832762384432,7393.917524847982,8176.084077324869
1734414923,2.453000068664551,10.0,7265.000343322754,-407.66407338276787,6857.336269939986,7672.664416705522
1734414923,2.433000087738037,10.0,7165.000438690186,-411.0151927407866,6753.985245949399,7576.0156314309725
1734414923,2.385000228881836,9.0,7165.000438690186,-411.0151927407866,6753.985245949399,7576.0156314309725
1734414923,2.3990001678466797,8.0,6995.000839233398,-333.93437394249923,6661.066465290899,7328.935213175898
1734414923,2.4070000648498535,7.0,7035.000324249268,-291.2805555205616,6743.719768728706,7326.280879769829
1734414923,2.375,6.0,7035.000324249268,-291.2805555205616,6743.719768728706,7326.280879769829
1734414923,2.375,5.0,6875.0,-253.0936961046284,6621.906303895372,7128.093696104628
1734414923,2.3480000495910645,6.0,6875.0,-210.98843294673367,6664.011567053266,7085.988432946734
1734414924,2.3390002250671387,6.0,6740.000247955322,-255.0745043621893,6484.925743593133,6995.074752317511
1734414924,2.312000036239624,4.0,6695.001125335693,-256.5198556074434,6438.48126972825,6951.520980943137
1734414924,2.3030002117156982,5.0,6515.001058578491,-216.64598272758892,6298.355075850903,6731.64704130608
1734414924,2.2680001258850098,13.0,6515.001058578491,-216.64598272758892,6298.355075850903,6731.64704130608
1734414924,2.194000005722046,27.0,5970.0000286102295,-1216.6290082227504,4753.371020387479,7186.62903683298
1734414924,2.186000108718872,45.0,5930.00054359436,-2040.5543354962642,3889.446208098096,7970.554879090625
1734414924,2.1780002117156982,52.0,5930.00054359436,-2040.5543354962642,3889.446208098096,7970.554879090625
1734414924,2.0950000286102295,44.0,5890.001058578491,-2380.5240010557436,3509.4770575227476,8270.525059634234
1734414924,2.1100001335144043,29.0,5475.0001430511475,-2108.233269200629,3366.7668738505186,7583.233412251777
1734414924,2.112333297729492,12.0,5550.0006675720215,-1389.4074867929814,4160.59318077904,6939.408154365003
1734414925,2.0810000896453857,9.0,5561.666488647461,-585.0921653399026,4976.574323307558,6146.758653987364
1734414925,2.059000015258789,5.0,5295.000076293945,-246.69243683541336,5048.307639458532,5541.692513129358
1734414925,2.052000045776367,4.0,5260.000228881836,-195.393886687831,5064.606342194005,5455.394115569667
1734414925,2.0380001068115234,4.0,5190.000534057617,-196.27084349166446,4993.729690565952,5386.271377549282
1734414925,2.0320000648498535,3.0,5190.000534057617,-196.27084349166446,4993.729690565952,5386.271377549282
1734414925,2.0180001258850098,2.0,5160.000324249268,-148.0999077210941,5011.900416528173,5308.100231970362
1734414925,1.9850001335144043,1.0,5090.000629425049,-99.57013872504284,4990.430490700006,5189.570768150092
1734414925,1.9720001220703125,0.0,4925.0006675720215,-50.839947521911895,4874.160720050109,4975.840615093934
1734414925,1.9720001220703125,0.0,4860.0006103515625,-0.46211715726000974,4859.538493194303,4860.462727508822
1734414925,1.9220000505447388,0.0,4860.0006103515625,0.0,4860.0006103515625,4860.0006103515625
1734414926,1.9220000505447388,1.0,4610.000252723694,0.0,4610.000252723694,4610.000252723694
1734414926,1.909000039100647,1.0,4610.000252723694,-51.56701779081541,4558.433234932879,4661.567270514509
1734414926,1.9030001163482666,0.0,4545.000195503235,-52.383445757869765,4492.616749745365,4597.3836412611045
1734414926,1.880000114440918,-2.0,4400.00057220459,104.85978393566029,4504.860356140251,4295.140788268929
1734414926,1.8620001077651978,-3.0,4310.000538825989,160.65495192823258,4470.655490754221,4149.345586897756
1734414926,1.8620001077651978,-4.0,4310.000538825989,214.3606416233968,4524.361180449386,4095.639897202592
1734414926,1.8450000286102295,-4.0,4310.000538825989,214.3606416233968,4524.361180449386,4095.639897202592
1734414926,1.840000033378601,-2.0,4200.000166893005,110.21883851402633,4310.219005407032,4089.781328378979
1734414926,1.8070000410079956,5.0,4200.000166893005,110.21883851402633,4310.219005407032,4089.781328378979
1734414926,1.7690000534057617,17.0,4035.000205039978,-269.71446398789897,3765.285741052079,4304.714669027877
1734414927,1.7640000581741333,31.0,3845.0002670288086,-948.9950308278197,2896.0052362009887,4793.995297856628
1734414927,1.749000072479248,38.0,3820.0002908706665,-1743.3695798397853,2076.6307110308812,5563.369870710452
1734414927,1.724000096321106,32.0,3820.0002908706665,-1743.3695798397853,2076.6307110308812,5563.369870710452
1734414927,1.7415001392364502,8.0,3620.00048160553,-1856.14838817502,1763.8520934305097,5476.14886978055
1734414927,1.7140001058578491,-15.0,3620.00048160553,-1856.14838817502,1763.8520934305097,5476.14886978055
1734414927,1.7000000476837158,-23.0,3620.00048160553,-1856.14838817502,1763.8520934305097,5476.14886978055
1734414927,1.7045000791549683,-30.0,3522.5003957748413,1760.0468528504236,5282.547248625265,1762.4535429244177
1734414927,1.7040001153945923,-42.0,3522.5003957748413,1760.0468528504236,5282.547248625265,1762.4535429244177
1734414927,1.6850000619888306,-32.0,3520.0005769729614,2452.7887129394912,5972.789289912453,1067.2118640334702
1734414927,1.6670000553131104,-13.0,3425.000309944153,1909.10881446186,5334.109124406013,1515.8914954822928
1734414928,1.6440000534057617,7.0,3335.0002765655518,798.8440051046717,4133.844281670224,2536.15627146088
1734414928,1.6180000305175781,12.0,3220.0002670288086,-405.7907405084323,2814.209526520376,3625.791007537241
1734414928,1.6090000867843628,14.0,3090.0001525878906,-736.7232804044495,2353.276872183441,3826.7234329923403
1734414928,1.600000023841858,9.0,3045.000433921814,-868.5824204441103,2176.4180134777034,3913.5828543659245
1734414928,1.596000075340271,-2.0,3000.0001192092896,-567.4330631088541,2432.5670561004354,3567.4331823181437
1734414928,1.592000126838684,-6.0,2980.000376701355,114.31364472380179,3094.3140214251566,2865.6867319775533
1734414928,1.5800000429153442,-6.0,2960.0006341934204,373.02828176291257,3333.028915956333,2586.9723524305077
1734414928,1.5750000476837158,-5.0,2900.000214576721,379.7468251285027,3279.747039705224,2520.2533894482185
1734414928,1.571000099182129,-2.0,2855.0004959106445,130.02288420929688,2985.0233801199415,2724.9776117013475
1734414928,1.559000015258789,-1.0,2855.0004959106445,130.02288420929688,2985.0233801199415,2724.9776117013475
1734414929,1.5550000667572021,0.0,2795.0000762939453,64.60579837678861,2859.605874670734,2730.3942779171566
1734414929,1.5510001182556152,-1.0,2755.000591278076,64.01241048653436,2819.0130017646106,2690.9881807915417
1734414929,1.5390000343322754,-1.0,2755.000591278076,64.01241048653436,2819.0130017646106,2690.9881807915417
1734414929,1.5280001163482666,-1.0,2695.000171661377,64.97725651019034,2759.977428171567,2630.0229151511867
1734414929,1.505000114440918,-4.0,2640.000581741333,65.44502119475473,2705.4456029360877,2574.5555605465784
1734414929,1.508500099182129,-6.0,2525.00057220459,263.06526592598334,2788.065838130573,2261.9353062786067
1734414929,1.4970000982284546,-6.0,2542.5004959106445,396.22289093946205,2938.7233868501066,2146.2776049711824
1734414929,1.4930000305175781,-5.0,2485.000491142273,400.8015769070678,2885.802068049341,2084.198914235205
1734414929,1.4720001220703125,-5.0,2465.0001525878906,335.35829249535766,2800.358445083248,2129.641860092533
1734414929,1.4720001220703125,-3.0,2360.0006103515625,339.6738848749339,2699.674495226496,2020.3267254766286
1734414930,1.4720001220703125,-3.0,2360.0006103515625,205.32751923687186,2565.3281295884344,2154.6730911146906
1734414930,1.4470000267028809,-7.0,2360.0006103515625,203.80433092496034,2563.8049412765226,2156.1962794266024
1734414930,1.4485000371932983,-8.0,2235.0001335144043,479.90338317121564,2714.90351668562,1755.0967503431887
1734414930,1.437000036239624,-9.0,2242.5001859664917,551.8333467421602,2794.333532708652,1690.6668392243314
1734414930,1.433000087738037,-6.0,2185.00018119812,625.8426687181402,2810.84284991626,1559.15751247998
1734414930,1.4300000667572021,-3.0,2165.0004386901855,421.41744285158956,2586.417881541775,1743.582995838596
1734414930,1.406000018119812,-4.0,2150.0003337860107,212.50564475743334,2362.505978543444,1937.4946890285773
1734414930,1.4000000953674316,-4.0,2030.00009059906,284.03290051343964,2314.0329911124995,1745.9671900856204
1734414930,1.3870000839233398,-9.0,2000.0004768371582,285.7142662515459,2285.714743088704,1714.2862105856123
1734414930,1.3840000629425049,-10.0,1935.0004196166992,643.9493694202871,2578.949789036986,1291.0510501964122
1734414931,1.374000072479248,-8.0,1920.0003147125244,722.0812025835735,2642.081517296098,1197.919112128951
1734414931,1.374000072479248,-6.0,1870.0003623962402,438.2043879841641,2308.204750380404,1431.7959744120762
1734414931,1.3680000305175781,-4.0,1870.0003623962402,438.2043879841641,2308.204750380404,1431.7959744120762
1734414931,1.3620001077651978,-6.0,1870.0003623962402,438.2043879841641,2308.204750380404,1431.7959744120762
1734414931,1.350000023841858,-7.0,1870.0003623962402,438.2043879841641,2308.204750380404,1431.7959744120762
1734414931,1.3470001220703125,-3.0,1750.0001192092896,518.5185093611522,2268.5186285704417,1231.4816098481374
1734414931,1.3320000171661377,-2.0,1735.0006103515625,226.57323935731176,1961.5738497088741,1508.4273709942509
1734414931,14.379000663757324,-111.0,1660.0000858306885,150.6122653723515,1810.61235120304,1509.387820458337
1734414931,1.309000015258789,-3.0,30000.0,662.9590713962384,30662.95907139624,29337.04092860376
1734414931,1.3030000925064087,-2.0,1545.0000762939453,337.1825794522165,1882.1826557461618,1207.8174968417288
1734414932,1.2780001163482666,-2.0,1515.0004625320435,153.95404793317152,1668.954510465215,1361.046414598872
1734414932,1.252000093460083,-10.0,1515.0004625320435,153.95404793317152,1668.954510465215,1361.046414598872
1734414932,1.249000072479248,-7.0,1260.000467300415,798.7219851049337,2058.7224524053486,461.2784821954814
1734414932,1.2470000982284546,-6.0,1245.0003623962402,563.1637709251673,1808.1641333214075,681.8365914710729
1734414932,1.2360000610351562,-6.0,1235.000491142273,481.6168507073114,1716.6173418495844,753.3836404349615
1734414932,1.2310000658035278,-3.0,1180.0003051757812,485.4368692324311,1665.4371744082123,694.5634359433502
1734414934,1.0740000009536743,-39.0,370.0000047683716,3628.569468215729,3998.5694729841007,-3258.5694634473575
1734414934,1.0570000410079956,-43.0,370.0000047683716,3628.569468215729,3998.5694729841007,-3258.5694634473575
1734414935,1.0480000972747803,-39.0,285.000205039978,4064.2610450010493,4349.261250041027,-3779.2608399610713
1734414935,1.067500114440918,-8.0,240.00048637390137,3725.229810705982,3965.2302970798833,-3485.2293243320805
1734414935,1.069000005722046,4.0,337.50057220458984,780.4144395656406,1117.9150117702304,-442.91386736105073
1734414935,1.0420000553131104,26.0,337.50057220458984,780.4144395656406,1117.9150117702304,-442.91386736105073
1734414935,1.027999997138977,21.0,210.00027656555176,-2495.201403054366,-2285.201126488814,2705.2016796199177
1734414935,1.0360000133514404,11.0,139.99998569488525,-2047.7346335963039,-1907.7346479014186,2187.734619291189
1734414935,1.0423333644866943,-3.0,211.66682243347168,273.815812569869,485.4826350033407,-62.148990136397344
1734414935,1.0240000486373901,-22.0,120.00024318695068,2129.437398167606,2249.4376413545565,-2009.4371549806551
1734414935,1.0240000486373901,-26.0,120.00024318695068,2129.437398167606,2249.4376413545565,-2009.4371549806551
1734414935,1.0190000534057617,-26.0,120.00024318695068,2535.206269080705,2655.206512267656,-2415.2060258937545
1734414936,1.0290000438690186,-13.0,95.0002670288086,2551.520965391638,2646.5212324204467,-2456.5206983628295
1734414936,1.0296666622161865,4.0,145.00021934509277,1276.362375223337,1421.3625945684298,-1131.3621558782443
1734414936,1.0010000467300415,19.0,148.33331108093262,-371.4752377904548,-223.14192670952218,519.8085488713874
1734414936,1.006500005722046,20.0,5.0002336502075195,-1883.1018186691983,-1878.1015850189908,1888.1020523194059
1734414936,1.0073333978652954,13.0,32.50002861022949,-1986.6218258430524,-1954.121797232823,2019.121854453282
1734414936,1.00600004196167,5.0,30.00020980834961,-505.0125063107357,-475.0122965023861,535.0127161190853
1734414936,0.9960000514984131,-16.0,0.0,1579.0000000318469,1579.0000000318469,-1579.0000000318469
1734414936,0.9760000705718994,-28.0,0.0,1579.0000000318469,1579.0000000318469,-1579.0000000318469
1734414936,0.9820000529289246,-31.0,0.0,2788.0001474601904,2788.0001474601904,-2788.0001474601904
1734414936,0.9860000610351562,-30.0,0.0,3000.0,3000.0,-3000.0
1734414937,0.9750000238418579,-29.0,0.0,2900.46211715726,2900.46211715726,-2900.46211715726
1734414937,0.9795000553131104,-14.0,0.0,2900.46211715726,2900.46211715726,-2900.46211715726
1734414937,0.9780000448226929,7.0,0.0,1414.9999908229331,1414.9999908229331,-1414.9999908229331
1734414937,0.9650000333786011,23.0,0.0,-679.0000000318468,-679.0000000318468,679.0000000318468
1734414937,0.9380000233650208,35.0,0.0,-2284.000003601125,-2284.000003601125,2284.000003601125
1734414937,0.9555000066757202,17.0,0.0,-3488.0001474601904,-3488.0001474601904,3488.0001474601904
1734414937,0.9555000066757202,17.0,0.0,-1700.0,-1700.0,1700.0
1734414937,0.9350000619888306,-17.0,0.0,1666.0,1666.0,-1666.0
1734414937,0.9180000424385071,-32.0,0.0,3185.0000091770667,3185.0000091770667,-3185.0000091770667
1734414937,0.9020000696182251,-41.0,0.0,3185.0000091770667,3185.0000091770667,-3185.0000091770667
1734414938,0.9095000624656677,-40.0,0.0,4091.002221102368,4091.002221102368,-4091.002221102368
1734414938,0.9095000624656677,-40.0,0.0,4000.0,4000.0,-4000.0
1734414938,0.9153333902359009,3.0,0.0,4000.0,4000.0,-4000.0
1734414938,0.8950000405311584,22.0,0.0,4000.0,4000.0,-4000.0
1734414938,0.8670000433921814,37.0,0.0,-2200.0,-2200.0,2200.0
1734414938,0.8520000576972961,52.0,0.0,-5185.000009177067,-5185.000009177067,5185.000009177067
1734414938,0.8520000576972961,52.0,0.0,-5200.0,-5200.0,5200.0
1734414938,0.8330000638961792,81.0,0.0,-5200.0,-5200.0,5200.0
1734414938,0.8330000638961792,81.0,0.0,-8100.0,-8100.0,8100.0
1734414938,0.8455000519752502,-9.0,0.0,-8100.0,-8100.0,8100.0
1734414939,0.8390000462532043,-32.0,0.0,810.0,810.0,-810.0
1734414939,0.7890000343322754,-81.0,0.0,8051.0,8051.0,-8051.0
1734414939,0.7780000567436218,-98.0,0.0,8051.0,8051.0,-8051.0
1734414939,0.7785000801086426,-80.0,0.0,9783.00000140758,9783.00000140758,-9783.00000140758
1734414939,0.7930000424385071,-47.0,0.0,8017.999999451721,8017.999999451721,-8017.999999451721
